ngram,gt
Boyi,1
Qin,0
Emperor,0
Emperor Yu,0
Yu,1
Duke,0
Duke Mu,0
Mu,1
Yao,0
Yellow,0
Yellow Birds,0
Birds,0
King,0
King Xiaoxiang,0
Xiaoxiang,1
I,0
The,0
The Basic,0
The Basic Annals,0
Basic,0
Basic Annals,0
Annals,0
Qin,0
Wei,0
Wei Qi,1
Qi,0
Qin,0
I,0
The,0
The Biographies,0
Biographies,0
Fan,0
Fan Ju,1
Ju,0
Cai,0
Cai Ze,1
Ze,0
King,0
King Hui,0
Hui,1
BC,0
Shuli,0
Shuli Zi,1
Quwo,0
He,0
Qin,0
Dafei,1
Yu,1
Emperor,0
Emperor Shun,0
Shun,1
Yu,1
Yu,1
I,0
Dafei,1
Xu,0
Xu Jia,1
Jia,0
King,0
King Zhao,0
Zhao,1
Wei,0
Qi,0
Fan,0
Fan Ju,1
Ju,0
Qi,0
King,0
King Xiang,0
Xiang,1
Qi,0
Fan,0
Fan Ju,1
Ju,0
Fan,0
Fan Ju,1
Ju,0
Xu,0
Xu Jia,1
Jia,0
Fan,0
Fan Ju,1
Ju,0
Qi,0
Wei,0
He,0
Fan,0
Fan Ju,1
Ju,0
The,0
Chu,1
Zhou,0
Qin,0
You,0
You Teng,1
Teng,0
Chu,1
Zhou,0
Zhi,0
Zhi Bo,0
Bo,0
Jiuyou,0
Jiuyou,0
Duke,0
Duke Huan,0
Huan,1
Qi,0
Cai,0
I,0
Chu,1
Cai,0
Qin,0
Shuli,0
Shuli Zi,1
Zi,0
Zhou,0
Zhou,0
Jiuyou,0
Cai,0
Zhou,0
Your,0
Your Majesty,0
Majesty,0
Chu,1
Wei,0
Xu,0
Xu Jia,1
Jia,0
Fan,0
Fan Ju,1
Ju,0
Wei,0
The,0
Wei,0
Wei Qi,1
Qi,0
Wei,0
He,0
Fan,0
Fan Ju,1
Ju,0
Fan,0
Fan Ju,1
Ju,0
King,0
King Wu,0
Wu,1
Qin,0
King,0
King Zhaoxiang,0
Zhaoxiang,1
Shuli,0
Shuli Zi,1
Zi,0
King,0
King Zhaoxiang,0
Zhaoxiang,1
BC,0
Pu,0
The,0
Pu,0
Hu,0
Hu Yan,1
Yan,0
Shuli,0
Shuli Zi,1
Zi,0
Pu,0
Hu,0
Hu Yan,1
Yan,0
Shuli,0
Shuli Zi,1
Zi,0
Pu,0
Qin,0
Wei,0
Wei,0
Qin,0
The,0
Wey,0
Pu,0
Pu,0
Wei,0
Wey,0
Wei,0
Yellow,0
Yellow River,0
River,0
Wey,0
Wei,0
Wei,0
Wei,0
Yellow,0
Yellow River,0
River,0
Qin,0
Qin,0
Wei,0
Dafei,1
Bird,0
Fei,0
His,0
Fei,0
Fei Chang,1
Chang,0
Fei,0
Fei Chang,1
Chang,0
China,0
Yi,1
Di,1
Fan,0
Fan Ju,1
Ju,0
I,0
The,0
Wei,0
Wei Qi,1
Qi,0
Fan,0
Fan Ju,1
Ju,0
Wei,0
Wei Qi,1
Qi,0
Fan,0
Fan Ju,1
Ju,0
Wei,0
Fan,0
Fan Ju,1
Ju,0
Fan,0
Fan Ju,1
Ju,0
Zhang,0
Zhang Lu,1
Lu,0
I,0
Shuli,0
Shuli Zi,1
Zi,0
Jie,1
Xia,0
Fei,0
Fei Chang,1
Chang,0
Xia,0
Shang,0
King,0
King Tang,0
Tang,1
Shang,0
Jie,1
Mingtiao,0
King,0
King Zhaoxiang,0
Zhaoxiang,1
Qin,0
Wang,0
Wang Ji,1
Ji,0
Wei,0
Zheng,0
Zheng Anping,1
Anping,0
Wang,0
Wang Ji,1
Ji,0
Wang,0
Wang Ji,1
Ji,0
Wei,0
I,0
Hu,0
Hu Yan,1
Yan,0
Pu,0
I,0
Wey,0
Zheng,0
Zheng Anping,1
Anping,0
Master,0
Master Zhang,0
Master Zhang Lu,0
Zhang,0
Zhang Lu,1
Lu,0
Shuli,0
Shuli Zi,1
Zi,0
Hu,0
Hu Yan,1
Yan,0
Pu,0
Shuli,0
Shuli Zi,1
Zi,0
I,0
Pu,0
Emperor,0
Emperor Taiwu,0
Taiwu,1
Shang,0
Hence,0
Ying,0
Zhongyan,1
Zhongjue,1
He,0
Western,0
Western Rong,0
Rong,0
Zhongjue,1
Feilian,1
Feilian,1
Elai,1
Elai,1
Feilian,1
Zhou,0
Shang,0
Yin,0
King,0
King Wu,0
Wu,1
Zhou,0
Zhou,0
Yin,0
Elai,1
Hu,0
Hu Yan,1
Yan,0
Pu,0
Wey,0
Shuli,0
Shuli Zi,1
Zi,0
Pu,0
Wei,0
Pishi,0
Pishi,0
King,0
King Zhaoxiang,0
Zhaoxiang,1
BC,0
Shuli,0
Shuli Zi,1
Zi,0
He,0
Zhang,0
Zhang Terrace,0
Terrace,0
Wei,0
Wei River,0
River,0
He,0
Son,0
Heaven,0
Zhou,0
Mt.,0
Huotai,0
He,0
Chufu,0
Yin,0
Feilian,1
Mt.,0
Huotai,0
Wang,0
Wang Ji,1
Ji,0
It,0
Rang,1
Qin,0
Shuli,1
Shuli Zi,1
Zi,0
King,0
King Zhaoxiang,0
Zhaoxiang,1
Shuli,1
Shuli Zi,1
Zi,0
Gentleman,0
Shuli,1
Han,0
Palace,0
Lasting,0
Lasting Joy,0
Joy,0
Eternal,0
Eternal Palace,0
Palace,0
The,0
Qin,0
Shuli,1
Feilian,1
Jisheng,1
Mengzeng,1
King,0
King Cheng,0
Cheng,1
Zhou,0
Zhai,0
Zhai Black,0
Zhai Black Wolf,0
Black,0
Black Wolf,0
Wolf,0
Fan,0
Fan Ju,1
Ju,0
I,0
Rang,1
Qin,0
He,0
I,0
Zhai,0
Zhai Black,0
Zhai Black Wolf,0
Black,0
Black Wolf,0
Wolf,0
Hengfu,1
Hengfu,1
Zaofu,1
Zaofu,1
King,0
King Mu,0
Mu,1
Zhou,0
King,0
King Mu,0
Mu,1
Rang,1
Wang,0
Wang Ji,1
Ji,0
King,0
King Hui,0
Hui,1
King,0
King Wu,0
Wu,1
BC,0
Zhang,0
Zhang Yi,1
Yi,0
Wei,0
Wei Zhang,1
Zhang,0
Qin,0
Wei,0
Zhuang,1
Hui,1
Shu,1
Qin,0
Gan,0
Gan Mou,1
Mou,0
Shu,1
Gan,0
Gan Mou,1
Mou,0
Shuli,0
Shuli Zi,1
Zi,0
King,0
King Yan,0
Yan,1
Xu,0
Zaofu,1
King,0
King Mu,0
Mu,1
Zhou,0
King,0
King Wu,0
Wu,1
Gan,0
Gan Mou,1
Mou,0
I,0
Zhou,0
I,0
Gan,0
Gan Mou,1
Mou,0
I,0
Wei,0
I,0
Wei,0
Hann,0
The,0
Xiang,0
Xiang Shou,1
Shou,0
Gan,0
Gan Mou,1
Mou,0
Wei,0
King,0
King Mu,0
Mu,1
Zaofu,1
Zhao,0
Zaofu,1
Zhao,0
It,0
Feilian,1
Jisheng,1
Zaofu,1
Zaofu,1
Zhao,0
Zhao,0
Zhao Cui,1
Cui,0
Wei,0
Gan,0
Gan Mou,1
Mou,0
Xiang,0
Xiang Shou,1
Shou,0
Wei,0
I,0
Feilian,1
Elai,1
Ge,1
He,0
Panggao,1
Panggao,1
Taiji,1
Taiji,1
Daluo,1
Daluo,1
Feizi,1
Zaofu,1
Zhao,0
Zhao,0
Feizi,1
Quanqiu,0
Dog,0
Dog Hill,0
Hill,0
He,0
The,0
Dog,0
Dog Hill,0
Hill,0
King,0
King Xiao,0
Xiao,1
Zhou,0
King,0
King Xiao,0
Xiao,1
Qian,0
Wei,0
The,0
Fan,0
Fan Ju,1
Ju,0
I,0
Rang,1
Fan,0
Fan Ju,1
Ju,0
He,0
Zeng,0
Bi,0
Lu,0
Zeng,0
Someone,0
Zeng,0
Zeng,0
Zeng,0
Zeng,0
Zeng,0
Zeng,0
Zeng,0
Zeng Can,1
Can,0
Your,0
Your Majesty,0
Majesty,0
I,0
Marquis,0
Marquis Shen,0
Shen,1
King,0
King Xiao,0
Xiao,1
Mt.,0
Li,1
Rong,0
Zhang,0
Zhang Yi,1
Yi,0
Ba,0
Shu,0
Qin,0
Yellow,0
Yellow River,0
River,0
Shangyong,0
Zhang,0
Zhang Yi,1
Yi,0
King,0
King Hui,0
Hui,0
Qin,0
Marquis,0
Marquis Wen,0
Wen,1
Wei,0
Yue,0
Yue Yang,1
Yang,0
Zhongshan,0
Marquis,0
Marquis Wen,0
Wen,1
Yue,0
Yue Yang,1
Yang,0
The,0
Zhongjue,1
Zhou,0
I,0
Daluo,0
Cheng,0
The,0
The Shen,0
Shen,0
Daluo,0
Western,0
Western Rong,0
Rong,0
Your,0
Your Majesty,0
Majesty,0
The,0
Qin,0
Fan,0
Fan Ju,1
Ju,0
Fan,0
Fan Ju,1
Ju,0
I,0
Qin,0
Shuli,0
Shuli Zi,1
Zi,0
Gongsun,0
Gongsun Shi,0
Shi,0
Hann,0
Your,0
Your Majesty,0
Majesty,0
Wei,0
I,0
Hann,0
Gongzhong,0
Gongzhong Chi,1
Chi,0
King,0
King Xiao,0
Xiao,0
Boyi,0
Emperor,0
Emperor Shun,0
Shun,0
Ying,1
The,0
I,0
I,0
Gan,0
Gan Mou,1
Mou,0
Yiyang,0
Gan,0
Gan Mou,1
Mou,0
Shuli,0
Shuli Zi,1
Zi,0
Gongsun,0
Gongsun Shi,0
Shi,0
King,0
King Wu,0
Wu,1
Gan,0
Gan Mou,1
Mou,0
Gan,0
Gan Mou,1
Mou,0
We,0
Xirang,0
I,0
Qin,0
Ying,0
He,0
Feizi,1
Qin,0
Qin Ying,0
Ying,0
Daluo,1
Marquis,0
Marquis Shen,0
Shen,0
Western,0
Western Rong,0
Rong,0
The,0
Rang,1
Lord,0
Lord Huayang,0
Huayang,1
King,0
King Zhaoxiang,0
Zhaoxiang,1
Queen,0
Queen Dowager,0
Queen Dowager Xuan,0
Dowager,0
Dowager Xuan,0
Xuan,0
Lord,0
Lord Jingyang,0
Jingyang,1
Lord,0
Lord Gaoling,0
Gaoling,1
King,0
King Zhaoxiang,0
Zhaoxiang,1
The,0
Rang,1
Queen,0
Queen Dowager,0
Dowager,0
Rang,1
Qin,0
Hann,0
Wei,0
Qi,0
Gangshou,0
Tao,0
Qin,0
Qin Ying,1
Ying,0
Qin,0
Qin Hou,1
Hou,0
Qin,0
Qin Hou,1
Hou,0
Gongbo,1
Qin,0
Qin Zhong,1
Zhong,0
Qin,0
Qin Zhong,1
Zhong,0
King,0
King Li,0
Li,1
Zhou,0
Fan,0
Fan Ju,1
Ju,0
I,0
The,0
His,0
I,0
I,0
Your,0
Your Majesty,0
Majesty,0
I,0
Zhou,0
Zhiai,0
Song,0
Jielu,0
Liang,0
Xuanli,0
Chu,0
Hepu,0
These,0
The,0
Queen,0
Queen Dowager,0
Queen Dowager Xuan,0
Dowager,0
Dowager Xuan,0
Xuan,1
Chu,0
King,0
King Huai,0
Huai,1
Chu,0
Qin,0
Danyang,0
Hann,0
He,0
Hann,0
Yongshi,0
Hann,0
Gongzhong,0
Gongzhong Chi,1
Chi,0
Qin,0
Qin,0
Qin Zhong,1
Zhong,0
Duke,0
Duke Zhuang,0
Zhuang,1
King,0
King Xuan,0
Xuan,0
Duke,0
Duke Zhuang,0
Zhuang,1
Western,0
Western Rong,0
Rong,0
The,0
Duke,0
Duke Zhuang,0
Zhuang,1
Qin,0
Qin Zhong,1
Zhong,0
Dog,0
Dog Hill,0
Hill,0
Daluo,1
Duke,0
Duke Zhuang,0
Zhuang,1
Dog,0
Dog Hill,0
Hill,0
Yao,0
Hann,0
Chu,0
Qin,0
Xiang,0
Xiang Shou,1
Shou,0
Hann,0
Yiyang,0
Shuli,0
Shuli Zi,1
Zi,0
Gan,0
Gan Mou,1
Mou,0
Wei,0
Pishi,0
Xiang,0
Xiang Shou,1
Shou,0
Queen,0
Queen Dowager,0
Queen Dowager Xuan,0
Dowager,0
Dowager Xuan,0
Xuan,1
King,0
King Zhaoxiang,0
Zhaoxiang,1
Duke,0
Duke Zhuang,0
Zhuang,1
Shifu,1
The,0
The Rong,0
Rong,0
Qin,0
Qin Zhong,1
Zhong,0
I,0
Qin,0
Jiekou,0
Chu,0
Chu,0
Duyang,0
Qin,0
Chu,0
Hann,0
Hann,0
Hann,0
Gongzhong,0
Gongzhong Chi,1
Chi,0
Qin,0
I,0
Xiang,0
Xiang Shou,1
Shou,0
Qin,0
Chu,0
I,0
Hann,0
Gongzhong,0
Gongzhong Chi,1
Chi,0
Qin,0
Hann,0
Duke,0
Duke Zhuang,0
Zhuang,1
Duke,0
Duke Xiang,0
Xiang,1
Fan,0
Fan Ju,1
Ju,0
Duke,0
Duke Xiang,0
Xiang,1
Muying,1
King,0
King Feng,0
Feng,1
The,0
Qin,0
I,0
Qin,0
Chu,0
Chu,0
Gongsun,0
Gongsun Shi,1
Shi,0
Gan,0
Gan Mou,1
Mou,0
People,0
Chu,0
It,0
Qin,0
Chu,0
Hann,0
Hann,0
Gongsun,0
Gongsun Shi,1
Shi,0
Gan,0
Gan Mou,1
Mou,0
Chu,0
Hann,0
Duke,0
Duke Xiang,0
Xiang,1
Rong,0
Shifu,1
Dog,0
Dog Hill,0
Hill,0
Shifu,1
Fan,0
Fan Ju,1
Ju,0
Xiang,0
Xiang Shou,1
Shou,0
I,0
Hann,0
Su,0
Su Dai,1
Dai,0
Gan,0
Gan Mou,1
Mou,0
Gongzhong,0
Gongzhong Chi,1
Chi,0
Qin,0
Wusui,0
Yiyang,0
Yiyang,0
Duke,0
Duke Xiang/,0
Xiang/,0
King,0
King You,0
You,1
Zhou,0
Baosi,1
Baosi,1
The,0
Western,0
Western Rong,0
Rong,0
Dog,0
Dog Rong,0
Rong,0
Marquis,0
Marquis Shen,0
Shen,1
Zhou,0
King,0
King You,0
You,0
Mt.,0
Li,1
Duke,0
Duke Xiang,0
Xiang,1
Qin,0
Zhou,0
Dog,0
Dog Rong,0
Rong,0
Zhou,0
Luoyang,0
Xiang,0
Xiang Shou,1
Shou,0
Duke,0
Duke Xiang,0
Xiang,1
King,0
King Ping,0
Ping,1
King,0
King Ping,0
Ping,1
Duke,0
Duke Xiang,0
Xiang,1
Mt.,0
Qi,1
The,0
The Rong,0
Rong,0
Qi,1
Feng,1
Qin,0
Rong,0
Duke,0
Duke Xiang,0
Xiang,1
Su,0
Su Dai,1
Dai,0
Gan,0
Gan Mou,1
Mou,0
Wei,0
Qi,0
Gongsun,0
Gongsun Shi,1
Shi,0
Hann,0
Qi,0
Yiyang,0
Chu,0
Hann,0
Qin,0
Qi,0
Wei,0
Gongsun,0
Gongsun Shi,1
Shi,0
Gan,0
Gan Mou,1
Mou,0
Duke,0
Duke Xiang,0
Xiang,1
He,0
Lord,0
High,0
Altar,0
West,0
Rong,0
Mt.,0
Qi,0
He,0
Duke,0
Duke Wen,0
Wen,1
Fan,0
Fan Ju,1
Ju,0
I,0
Lv,0
Lv Shang,1
Shang,0
King,0
King Wen,0
Wen,1
Zhou,0
Wei,0
Lv,0
Lv Shang,1
Shang,0
Gan,0
Gan Mou,1
Mou,0
King,0
King Zhaoxiang,0
Zhaoxiang,1
Qin,0
Wusui,0
Hann,0
Xiang,0
Xiang Shou,1
Shou,0
Gongsun,0
Gongsun Shi,1
Shi,0
Xiang,0
Xiang Shou,1
Shou,0
Gongsun,0
Gongsun Shi,1
Shi,0
Gan,0
Gan Mou,1
Mou,0
Gan,0
Gan Mou,1
Mou,0
Wei,0
Puban,0
Shuli,0
Shuli Zi,1
Zi,0
Wei,0
Duke,0
Duke Wen,0
Wen,1
Western,0
Western Border,0
Western Border Palace,0
Border,0
Border Palace,0
Palace,0
Qian,1
Wei,0
Zhou,0
Qin,0
Qin Ying,1
Ying,0
He,0
The,0
King,0
King Wen,0
Wen,1
Lv,0
Lv Shang,1
Shang,0
King,0
King Wen,0
Wen,1
Lv,0
Lv Shang,1
Shang,0
Zhou,0
Son,0
Heaven,0
Wen,1
Wu,0
I,0
Your,0
Your Majesty,0
Majesty,0
And,0
I,0
I,0
I,0
I,0
Your,0
Your Majesty,0
Majesty,0
I,0
Gan,0
Gan Mou,1
Mou,0
Qin,0
Qi,0
Su,0
Su Dai,1
Dai,0
Su,0
Su Dai,1
Dai,0
Qin,0
Qi,0
Gan,0
Gan Mou,1
Mou,0
I,0
Qin,0
I,0
I,0
The,0
I,0
It,0
I,0
Qin,0
My,0
Qin,0
Altar,0
Fu,0
Duke,0
Duke Wen,0
Wen,1
Rong,0
Duke,0
Duke Wen,0
Wen,1
Mt.,0
Qi,0
Zhou,0
He,0
Mt.,0
Qi,0
Zhou,0
Treasures,0
Chen,0
Daxin,0
Feng,0
Date,0
Southern,0
Southern Mountains,0
Mountains,0
Duke,0
Duke Wen,0
Wen,1
Duke,0
Duke Jing,0
Jing,1
Duke,0
Duke Jing,0
Jing,1
Duke,0
Duke Wen,0
Wen,1
I,0
Qin,0
Duke,0
Duke Wen,0
Wen,1
Western,0
Western Mountain,0
Mountain,0
Duke,0
Duke Jing,0
Jing,1
Duke,0
Duke Ning,0
Ning,1
Ji,0
Ji Zi,1
Zi,0
Jieyu,1
Ji,0
Ji Zi,1
Zi,0
I,0
I,0
My,0
I,0
I,0
Qin,0
Gan,0
Gan Mou,1
Mou,0
Qin,0
Qin,0
Gan,0
Gan Mou,1
Mou,0
Duke,0
Duke Ning,0
Ning,1
Duke,0
Duke Wu,0
Wu,1
The,0
Duke,0
Duke De,0
De,1
Chuzi,0
Lu,0
Qin,0
Rang,1
Qin,0
Your,0
Your Majesty,0
Majesty,0
The,0
Qin,0
I,0
Fan,0
Fan Ju,1
Ju,0
Qin,0
Fan,0
Fan Ju,1
Ju,0
The,0
Rang,1
Hann,0
Wei,0
Gangshou,0
Qi,0
Qi,0
Qin,0
I,0
Your,0
Your Majesty,0
Majesty,0
Hann,0
Wei,0
Qi,0
Duke,0
Duke Wu,0
Wu,1
Pengxi,0
Mt.,0
Hua,0
He,0
Feng,0
Feng Palace,0
Palace,0
Pingyang,0
Sanfu,1
Chuzi,1
Gao,0
Gao Qumi,1
Qumi,0
Zheng,0
Duke,0
Duke Zhao,0
Zhao,1
BC,0
King,0
King Min,0
Min,1
Qi,0
Chu,0
Qi,0
Qi,0
Qi,0
Qi,0
Its,0
Who,0
The,0
Tian,0
Tian Wen,0
Wen,1
Tian,0
Tian Wen,0
Wen,1
Qi,0
Chu,0
Hann,0
Wei,0
Qi,0
Gan,0
Gan Mou,1
Mou,0
Chu,0
King,0
King Huai,0
Huai,0
Chu,0
Qin,0
Qin,0
Qin,0
Gan,0
Gan Mou,1
Mou,0
Chu,0
Chu,0
Gan,0
Gan Mou,1
Mou,0
Qin,0
The,0
Chu,0
Fan,0
Fan Yuan,1
Yuan,0
I,0
Qin,0
Who,0
Duke,0
Duke Wu,0
Wu,1
Guan,0
Guan Zhifu,1
Zhifu,0
Lian,0
Lian Cheng,1
Cheng,0
Qi,0
Duke,0
Duke Xiang,0
Xiang,1
Wuzhi,1
The,0
Jin,0
Huo,0
Wei,0
Geng,0
Yong,0
Yong Lin,1
Lin,0
Qi,0
Wuzhi,1
Guan,0
Guan Zhifu,1
Zhifu,0
Duke,0
Duke Huan,0
Huan,1
Qi,0
Jin,0
Qi,0
Duke,0
Duke Wu,0
Wu,1
Quwoin,0
Quwoin Jin,0
Jin,0
Jin,0
Duke,0
Duke Huan,0
Huan,1
Qi,0
Juan,0
Duke,0
Duke Wu,0
Wu,1
Qin,0
Pingyang,0
Yong,0
I,0
Gan,0
Gan Mou,1
Mou,0
Chu,0
Duke,0
Duke Wu,0
Wu,1
Bai,1
Pingyang,0
Duke,0
Duke Wu,0
Wu,1
Duke,0
Duke De,0
De,1
Duke,0
Duke De,0
De,1
Dazheng,0
Dazheng Palace,0
Palace,0
Yong,0
He,0
Altar,0
Fu,0
Yong,0
Yellow,0
Yellow River,0
River,0
The,0
Liang,0
Rui,0
Qin,0
I,0
Fan,0
Fan Yuan,1
Yuan,0
The,0
Queen,0
Queen Dowager,0
Dowager,0
Huayang,1
Jingyang,1
I,0
His,0
Shi,0
Shi Ju,1
Ju,0
Xiacai,0
Shi,0
Shi Ju,1
Ju,0
Gan,0
Gan Mou,1
Mou,0
King,0
King Hui,0
Hui,1
King,0
King Wu,0
Wu,1
Zhang,0
Zhang Yi,1
Yi,0
Gan,0
Gan Mou,1
Mou,0
He,0
Qin,0
Qin,0
Chu,0
Duke,0
Duke De,0
De,1
He,0
Duke,0
Duke Xuan,0
Xuan,1
Duke,0
Duke Cheng,0
Cheng,1
Duke,0
Duke Mu,0
Mu,1
I,0
Rang,1
Rang,1
Tao,0
Qin,0
Qin,0
Your,0
Your Majesty,0
Majesty,0
Shao,0
Shao Hua,1
Hua,0
Yue,0
Zhang,0
Zhang Yi,1
Yi,0
Yue,0
Chu,0
Li,0
Li Gate,0
Gate,0
Jiangdong,0
Your,0
Your Majesty,0
Majesty,0
Yue,0
Chu,0
Duke,0
Duke Wu,0
Wu,1
Duke,0
Duke Xuan,0
Xuan,1
Duke,0
Duke Xuan,0
Xuan,1
Wey,0
Yan,0
Zhou,0
King,0
King Hui,0
Hui,1
Prince,0
Prince Tui,0
Tui,1
Duke,0
Duke Xuan,0
Xuan,1
Zheng,1
Shu,0
Guo,1
Prince,0
Prince Tui,0
Tui,1
King,0
King Hui,0
Hui,1
Cui,0
Cui Shu,1
Shu,0
Nao,0
Nao Chi,1
Chi,0
Qi,0
Li,0
Li Dui,1
Dui,0
Zhao,0
Zhufu,0
Sand,0
Sand Hill,0
Hill,0
I,0
Qin,0
Rang,1
Gaoling,1
Huayang,1
Jingyang,1
Qin,0
The,0
Nao,0
Nao Chi,1
Chi,0
Li,0
Li Dui,1
Dui,0
Duke,0
Duke Xuan,0
Xuan,1
Mi,0
Mi Altar,0
Altar,0
He,0
Jin,0
Heyang,0
Duke,0
Duke Xuan,0
Xuan,1
He,0
Duke,0
Duke Xuan,0
Xuan,1
Duke,0
Duke Cheng,0
Cheng,1
Your,0
Your Majesty,0
Majesty,0
Rang,1
I,0
Your,0
Your Majesty,0
Majesty,0
I,0
Qin,0
Your,0
Your Majesty,0
Majesty,0
King,0
King Zhaoxiang,0
Zhaoxiang,1
You,0
He,0
Queen,0
Queen Dowager,0
Dowager,0
Rang,1
Gaoling,1
Huayang,1
Jingyang,1
Pass,0
He,0
Fan,0
Fan Ju,1
Ju,0
Rang,1
Tao,0
The,0
Pass,0
The,0
Pass,0
Chu,0
Qin,0
Xiang,0
Xiang Shou,1
Shou,0
Qin,0
Gan,0
Gan Mou,1
Mou,0
Wei,0
Qin,0
Fan,0
Fan Ju,1
Ju,0
Ying,1
Ying,1
The,0
King,0
King Zhaoxiang,0
Zhaoxiang,1
Duke,0
Duke Mu,0
Mu,1
BC,0
Renhao,1
Maojin,0
Jin,0
Shensheng,1
Jin,0
Duke,0
Duke Huan,0
Huan,1
Qi,0
Chu,0
Fan,0
Fan Ju,1
Ju,0
Qin,0
Qin,0
Zhang,0
Zhang Lu,1
Lu,0
The,0
Wei,0
Fan,0
Fan Ju,1
Ju,0
Zhang,0
Zhang Tang,1
Tang,0
Lv,0
Lv Buwei,1
Buwei,0
Wenxin,0
I,0
King,0
King Zhaoxiang,0
Zhaoxiang,1
Qin,0
Zhao,0
The,0
The Zhao,0
Zhao,0
Anyone,0
Zhang,0
Zhang Tang,1
Tang,0
I,0
Yan,0
I,0
Zhao,0
I,0
I,0
Baili,0
Baili Xi,1
Xi,0
Qin,0
Wan,0
Chu,0
Duke,0
Duke Mu,0
Mu,1
Baili,0
Baili Xi,1
Xi,0
Chu,0
He,0
Chu,0
Baili,0
Baili Xi,1
Xi,0
I,0
The,0
Chu,0
Baili,0
Baili Xi,1
Xi,0
I,0
Fan,0
Fan Ju,1
Ju,0
Qin,0
Xu,0
Xu Jia,1
Jia,0
Fan,0
Fan Ju,1
Ju,0
I,0
Wei,0
I,0
Qin,0
I,0
Xu,0
Xu Jia,1
Jia,0
The,0
Gan,0
Gan Luo,1
Luo,0
Duke,0
Duke Mu,0
Mu,1
Baili,0
Baili Xi,1
Xi,0
I,0
I,0
Duke,0
Duke Mu,0
Mu,1
The,0
Yu,0
He,0
Duke,0
Duke Mu,0
Mu,1
Lord,0
Lord Five,0
Lord Five Ram,0
Lord Five Ram Skins,0
Five,0
Five Ram,0
Five Ram Skins,0
Ram,0
Ram Skins,0
Skins,0
Baili,0
Baili Xi,1
Xi,0
I,0
Jian,0
Jian Shu,1
Shu,0
Jian,0
Jian Shu,1
Shu,0
I,0
Qi,0
I,0
Zhi,0
Jian,0
Jian Shu,1
Shu,0
I,0
Wuzhi,1
Qi,0
Jian,0
Jian Shu,1
Shu,0
I,0
Wuzhi,1
I,0
Fan,0
Fan Ju,1
Ju,0
Xu,0
Xu Jia,1
Jia,0
Fan,0
Fan Ju,1
Ju,0
Fan,0
Fan Shu,1
Shu,0
Fan,0
Fan Ju,1
Ju,0
The,0
I,0
Cai,0
Cai Ze,1
Ze,0
Gangcheng,0
Yan,0
Prince,0
Prince Dan,0
Dan,1
Yan,0
Qin,0
I,0
Lord,0
Lord Zhangto,0
Zhangto,0
Yan,0
I,0
Zhou,0
Prince,0
Prince Tui,0
Tui,1
Zhou,0
I,0
Prince,0
Prince Tui,0
Tui,1
Jian,0
Jian Shu,1
Shu,0
I,0
Prince,0
Prince Tui,0
Tui,1
Fan,0
Fan Ju,1
Ju,0
Qin,0
I,0
The,0
I,0
You,0
Gan,0
Gan Luo,1
Luo,0
I,0
I,0
Yu,0
Jian,0
Jian Shu,1
Shu,0
I,0
Yu,0
I,0
I,0
I,0
Jian,0
Jian Shu,1
Shu,0
I,0
I,0
I,0
I,0
Duke,0
Duke Mu,0
Mu,1
Jian,0
Jian Shu,1
Shu,0
Fan,0
Fan Ju,1
Ju,0
My,0
I,0
Lord,0
Lord Zhang,0
Zhang,1
Lv,0
Lv Buwei,1
Buwei,0
I,0
Duke,0
Duke Mu,0
Mu,1
Jin,0
Jin,0
Hequ,0
Lady,0
Lady Li,0
Li,1
Jin,0
Shensheng,1
New,0
New City,0
City,0
Chonger,1
Yiwu,1
Ben,0
Gan,0
Gan Luo,1
Luo,0
Xiang,0
Xiang Tuo,1
Tuo,0
Confucius,0
I,0
Duke,0
Duke Mu,0
Mu,1
Duke,0
Duke Huan,0
Huan,1
Qi,0
Sunflower,0
Sunflower Hill,0
Hill,0
Duke,0
Duke Xian,0
Xian,1
Jin,0
Lady,0
Lady Li,0
Li,1
Xiqi,1
Jin,0
Li,1
Li Ke,1
Ke,0
Jin,0
Xiqi,1
Xun,0
Xun Xi,1
Xi,0
Zhuozi,0
Li,1
Li Ke,1
Ke,0
Xun,0
Xun Xi,1
Xi,0
Gan,0
Gan Luo,1
Luo,0
Zhang,0
Zhang Tang,1
Tang,0
Lord,0
Lord Wuan,0
Wuan,1
Fan,0
Fan Ju,1
Ju,0
I,0
Xu,0
Xu Jia,1
Jia,0
I,0
Fan,0
Fan Shu,1
Shu,0
Zhang,0
Zhang Tang,1
Tang,0
Lord,0
Lord Wuan,0
Wuan,1
Chu,0
Yan,0
Zhao,0
My,0
Yiwu,1
I,0
I,0
Jin,0
Yellow,0
Yellow River,0
River,0
Qin,0
Jin,0
Pi,0
Pi Zheng,1
Zheng,0
Qin,0
Yellow,0
Yellow River,0
River,0
Li,0
Li Ke,1
Ke,0
Zhang,0
Zhang Tang,1
Tang,0
The,0
Ying,0
Wenxin,0
Duke,0
Duke Mu,0
Mu,1
Pi,0
Pi Zheng,1
Zheng,0
Jin,0
Lv,0
Lv Sheng,1
Sheng,0
Xi,0
Xi Rui,1
Rui,0
Qin,0
These,0
Pi,0
Pi Zheng,1
Zheng,0
Qin,0
Yiwu,1
Pi,0
Pi Zheng,1
Zheng,0
Pi,0
Pi Zheng,1
Zheng,0
Pi,0
Pi Bao,1
Bao,0
Qin,0
Duke,0
Duke Mu,0
Mu,1
The,0
Jin,0
He,0
Fan,0
Fan Ju,1
Ju,0
Fan,0
Fan Ju,1
Ju,0
Your,0
King,0
King Zhao,0
Zhao,0
Chu,0
Shen,0
Shen Baoxu,1
Baoxu,0
Chu,0
Wu,0
The,0
Chu,0
Chu,0
Chu,0
Wei,0
I,0
Wei,0
Qi,0
Wei,0
Wei Qi,1
Qi,0
Gan,0
Gan Luo,1
Luo,0
Wenxin,0
Duke,0
Duke Mu,0
Mu,1
Pi,0
Pi Zheng,1
Zheng,0
The,0
Pi,0
Pi Bao,1
Bao,0
Wei,0
Wei Qi,1
Qi,0
I,0
Duke,0
Duke Mu,0
Mu,1
Guan,0
Guan Zhong,1
Zhong,0
Xi,0
Xi Peng,1
Peng,0
Qi,0
The,0
Jin,0
Qin,0
Pi,0
Pi Bao,1
Bao,0
Duke,0
Duke Mu,0
Mu,1
Jin,0
Duke,0
Duke Mu,0
Mu,1
Gongsun,0
Gongsun Zhi,1
Zhi,0
He,0
Years,0
You,0
Baili,0
Baili Xi,1
Xi,0
Yiwu,1
Gongsun,0
Gongsun Zhi,1
Zhi,0
Baili,0
Baili Xi,1
Xi,0
Jin,0
Qin,0
Yong,0
Jin,0
Jiang,0
Gan,0
Gan Luo,1
Luo,0
The,0
Ying,0
Zhao,0
Lord,0
Lord Wuan,0
Wuan,1
Xianyang,0
Duyou,0
Wenxin,0
Yan,0
I,0
Duke,0
Duke Mu,0
Mu,1
Qin,0
Jin,0
The,0
Jin,0
Guo,0
Guo Shi,1
Shi,0
Qin,0
You,0
The,0
The Jin,0
Jin,0
Xu,0
Xu Jia,1
Jia,0
Fan,0
Fan Ju,1
Ju,0
Xu,0
Xu Jia,1
Jia,0
Wei,0
Wei,0
Wei Qi,1
Qi,0
I,0
Wei,0
Daliang,0
Zhang,0
Zhang Tang,1
Tang,0
I,0
I,0
Duke,0
Duke Mu,0
Mu,1
Jin,0
Qin,0
Duke,0
Duke Mu,0
Mu,1
Pi,0
Pi Bao,1
Bao,0
Yiwu,1
Duke,0
Duke Hui,0
Hui,1
Jin,0
Han,0
Gan,0
Gan Luo,1
Luo,0
Wenxin,0
I,0
Zhao,0
Zhang,0
Zhang Tang,1
Tang,0
The,0
The Jin,0
Jin,0
Qin,0
Duke,0
Duke Mu,0
Mu,1
Jin,0
Jin,0
The,0
The Jin,0
Jin,0
Duke,0
Duke Mu,0
Mu,1
Mt.,0
Qi,0
Jin,0
The,0
The Jin,0
Jin,0
Duke,0
Duke Mu,0
Mu,1
Jin,0
Fan,0
Fan Ju,1
Ju,0
Wang,0
Wang Ji,1
Ji,0
Fan,0
Fan Ju,1
Ju,0
I,0
I,0
Fan,0
Fan Ju,1
Ju,0
Wang,0
Wang Ji,1
Ji,0
Hangu,0
Hangu Pass,0
Pass,0
Your,0
Your Majesty,0
Majesty,0
I,0
Wang,0
Wang Ji,1
Ji,0
Qin,0
The,0
The First,0
The First Emperor,0
First,0
First Emperor,0
Emperor,0
Gan,0
Gan Luo,1
Luo,0
Zhao,0
King,0
King Xiang,0
Xiang,1
Zhao,0
Gan,0
Gan Luo,1
Luo,0
He,0
I,0
Jin,0
Lord,0
High,0
Zhou,0
Zhou Son,0
Son,0
Heaven,0
Jin,0
Duke,0
Duke Mu,0
Mu,1
Jin,0
Gan,0
Gan Luo,1
Luo,0
Your,0
Your Majesty,0
Majesty,0
Prince,0
Prince Dan,0
Dan,1
Yan,0
Qin,0
Fan,0
Fan Ju,1
Ju,0
Qin,0
King,0
King Zhaoxiang,0
Zhaoxiang,1
Qin,0
Hann,0
Shaoqu,0
King,0
King Zhaoxiang,0
Zhaoxiang,1
Qin,0
Fan,0
Fan Ju,1
Ju,0
Lord,0
Lord Pingyuan,0
Pingyuan,1
Fan,0
Fan Ju,1
Ju,0
Lord,0
Lord Pingyuan,0
Pingyuan,1
I,0
I,0
Duke,0
Duke Mu,0
Mu,1
I,0
Jin,0
Son,0
Heaven,0
He,0
Jin,0
Lord,0
Lord Pingyuan,0
Pingyuan,1
Qin,0
Qin,0
King,0
King Zhaoxiang,0
Zhaoxiang,1
King,0
King Zhaoxiang,0
Zhaoxiang,1
King,0
King Wen,0
Wen,1
Zhou,0
Lv,0
Lv Shang,1
Shang,0
Grand,0
Grand Duke,0
Duke,0
Duke,0
Duke Huan,0
Huan,0
Qi,0
Guan,0
Guan Zhong,1
Zhong,0
Uncle,0
Lord,0
Lord Fan,0
Fan,0
Uncle,0
Lord,0
Lord Fan,0
Fan,0
I,0
I,0
Pass,0
Jin,0
Yiwu,1
He,0
Qin,0
Yellow,0
Yellow River,0
River,0
Yu,0
Qin,0
Duke,0
Duke Mu,0
Mu,1
Yu,0
Qin,0
Yellow,0
Yellow River,0
River,0
I,0
Prince,0
Prince Dan,0
Dan,1
Yan,0
Qin,0
Yan,0
Qin,0
Zhang,0
Zhang Tang,1
Tang,0
Yan,0
Qin,0
Yan,0
Yan,0
Qin,0
Zhao,0
Duke,0
Duke Mu,0
Mu,1
Jin,0
Liang,0
Qin,0
I,0
Jin,0
Qin,0
Jin,0
He,0
Qin,0
Jin,0
The,0
Yan,0
Qin,0
Zhao,0
Yellow,0
Zhang,0
Your,0
Your Majesty,0
Majesty,0
I,0
Qin,0
I,0
Qin,0
Prince,0
Prince Dan,0
Dan,1
Yan,0
Qin,0
Zhao,0
Yan,0
Duke,0
Duke Mu,0
Mu,1
Duke,0
Duke Hui,0
Hui,1
Jin,0
Yu,1
Duke,0
Duke Mu,0
Mu,1
Qin,0
Yu,1
Chonger,1
Qin,0
Chu,0
Yu,1
Chonger,1
Duke,0
Duke Mu,0
Mu,1
Wei,0
Daliang,0
Lord,0
Lord Xinling,0
Xinling,1
Wei,0
Chu,0
Lord,0
Lord Xinling,0
Xinling,1
Qin,0
What,0
The,0
Zhao,0
Qin,0
Qin,0
Prince,0
Prince Dan,0
Dan,1
Yan,0
Zhao,0
Yan,0
Shanggu,0
Qin,0
Duke,0
Duke Mu,0
Mu,1
Jin,0
Chonger,1
Jin,0
Jin,0
Duke,0
Duke Mu,0
Mu,1
Chonger,1
Jin,0
Jin,0
He,0
Duke,0
Duke Wen,0
Wen,1
Duke,0
Duke Wen,0
Wen,1
Yu,1
Yu,1
Duke,0
Duke Huai,0
Huai,0
Jin,0
It,0
Yu,0
Yu Qing,1
Qing,0
Zhao,0
A,0
Gan,0
Gan Luo,1
Luo,0
Qin,0
It,0
Gan,0
Gan Mou,1
Mou,0
Dai,0
King,0
King Xiang,0
Xiang,1
Zhou,0
Di,0
The,0
Zheng,0
Duke,0
Duke Mu,0
Mu,1
Zhou,0
Jin,0
Qin,0
Duke,0
Duke Mu,0
Mu,1
Qin,0
Duke,0
Duke Wen,0
Wen,1
Jin,0
Zhou,0
Dai,0
Wei,0
Wei Qi,1
Qi,0
Yu,0
Yu Qing,1
Qing,0
Yu,0
Yu Qing,1
Qing,0
Prince,0
What,0
He,0
Zichu,1
Qin,0
I,0
The,0
The Biography,0
Biography,0
Lv,0
Lv Buwei,1
Buwei,0
King,0
King Zhaoxiang,0
Zhaoxiang,1
BC,0
Qin,0
Hann,0
Fen,0
Xing,0
Guangwu,0
Yellow,0
Yellow River,0
River,0
King,0
King Zhaoxiang,0
Zhaoxiang,1
Fan,0
Fan Ju,1
Ju,0
Ying,1
Zhao,0
Lv,0
Lv Buwei,1
Buwei,0
Yangdi,0
Zhao,0
Lian,0
Lian Po,1
Po,0
Zhao,0
Zhao,0
Zhao Kuo,1
Kuo,0
Lord,0
Lord Mafu,0
Mafu,1
Qin,0
Zhao,0
Changping,0
Zhao,0
Handan,0
Ying,1
Qin,0
Bai,0
Bai Qi,1
Lord,0
Lord Wuan,0
Wuan,1
King,0
King Zhaoxiang,0
Zhaoxiang,1
Qin,0
BC,0
Lord,0
Lord Anguo,0
Anguo,1
Duke,0
Duke Mu,0
Mu,1
Jian,0
Jian Shu,1
Shu,0
Baili,0
Baili Xi,1
Xi,0
No,0
Zheng,0
Zheng,0
The,0
Lord,0
Lord Anguo,0
Anguo,1
He,0
Lady,0
Lady Huayang,0
Huayang,1
Xia,0
Duke,0
Duke Mu,0
Mu,1
You,0
I,0
Baili,0
Baili Xi,1
Xi,0
Mengming,0
Mengming Shi,1
Shi,0
Jian,0
Jian Shu,1
Shu,0
Xiqi,0
Xiqi Shu,0
Shu,0
Bai,0
Bai Yibing,1
Yibing,0
Baili,0
Baili Xi,1
Xi,0
Jian,0
Jian Shu,1
Shu,0
Duke,0
Duke Mu,0
Mu,1
King,0
King Zhaoxiang,0
Zhaoxiang,1
Ying,1
Zheng,0
Zheng Anping,1
Anping,0
Zheng,0
He,0
Ying,1
Wang,0
Wang Ji,1
Ji,0
Fan,0
Fan Ju,1
Ju,0
Hedong,0
The,0
Ying,1
Zichu,1
Qin,0
"Zhao,165",0
Qin,0
Zhao,0
Zhao,0
Zichu,1
Qin,0
Zichu,1
The,0
It,0
We,0
Yao,0
Duke,0
Duke Mu,0
Mu,1
Qin,0
Zhou,0
Jin,0
Man,0
The,0
The Qin,0
Qin,0
The,0
The Qin,0
Qin,0
Hua,0
Xian,0
Xian Gao,1
Gao,0
Zheng,0
Zhou,0
Qin,0
The,0
Zheng,0
The,0
Qin,0
We,0
Zheng,0
Zheng,0
They,0
Hua,0
Jin,0
King,0
King Zhaoxiang,0
Zhaoxiang,1
The,0
Ying,1
I,0
Your,0
Your Majesty,0
Majesty,0
I,0
Duke,0
Duke Wen,0
Wen,1
Jin,0
His,0
Duke,0
Duke Xiang,0
Xiang,1
Qin,0
I,0
Hua,0
Qin,0
Yao,0
He,0
Qin,0
He,0
Qin,0
Jin,0
The,0
Ying,1
Cai,0
Cai Ze,1
Ze,0
Qin,0
Zichu,1
You,0
Duke,0
Duke Mu,0
Mu,1
Chu,0
King,0
King Cheng,1
Cheng,0
Duke,0
Duke Mu,0
Mu,1
Mengming,0
Mengming Shi,1
Shi,0
Qin,0
Jin,0
They,0
Pengya,0
Cai,0
Cai Ze,1
Ze,0
Yan,0
He,0
He,0
Tang,0
Tang Ju,1
Ju,0
I,0
Li,0
Li Dui,1
Dui,0
You,0
Lv,0
Lv Buwei,1
Buwei,0
The,0
Tang,0
Tang Ju,1
Ju,0
Cai,0
Cai Ze,1
Ze,0
You,0
I,0
Cai,0
Cai Ze,1
Ze,0
Tang,0
Tang Ju,1
Ju,0
I,0
I,0
I,0
I,0
Zichu,1
The,0
Qin,0
Lord,0
Lord Anguo,0
Anguo,1
Lv,0
Lv Buwei,1
Buwei,0
I,0
Lord,0
Lord Anguo,0
Anguo,1
Lady,0
Lady Huayang,0
Huayang,1
Duke,0
Duke Mu,0
Mu,1
You,0
You Yu,1
Yu,0
You,0
You Yu,1
Yu,0
You,0
Lord,0
Lord Anguo,0
Anguo,1
I,0
Duke,0
Duke Mu,0
Mu,1
China,0
Odes,0
Documents,0
Rong,0
Yi,0
It,0
King,0
King Zhaoxiang,0
Zhaoxiang,1
Ying,1
Cai,0
Cai Ze,1
Ze,0
Yan,0
Qin,0
Ying,1
I,0
Five,0
Five Emperors,0
Emperors,0
Three,0
Three Dynasties,0
Dynasties,0
I,0
The,0
The Rong,0
Rong,0
Yi,0
Superiors,0
No,0
Duke,0
Duke Mu,0
Mu,1
Liao,0
I,0
You,0
You Yu,1
Yu,0
What,0
I,0
Cai,0
Cai Ze,1
Ze,0
Cai,0
Cai Ze,1
Ze,0
The,0
Cai,0
Cai Ze,1
Ze,0
I,0
Qin,0
Zichu,1
I,0
Qin,0
The,0
Liao,1
China,0
You,0
You,0
You Yu,1
Yu,0
The,0
The Rong,0
Rong,0
You,0
You Yu,1
Yu,0
Rong,0
Cai,0
Cai Ze,1
Ze,0
Wealth,0
Heaven,0
Heaven,0
Way,0
Cai,0
Cai Ze,1
Ze,0
Lord,0
Lord Shang,0
Shang,1
Qin,0
Chu,0
Yue,0
You,1
You Yu,0
Yu,0
Rong,0
The,0
Ying,1
Cai,0
Cai Ze,1
Ze,0
Gongsun,0
Gongsun Yang,0
Yang,0
Lord,0
Lord Shang,0
Shang,1
Duke,0
Duke Xiao,0
Xiao,0
Qin,0
He,0
He,0
Wei,0
Gongzi,0
Gongzi An,0
Qin,0
Qin,0
Lv,0
Lv Buwei,1
Buwei,0
Lady,0
Lady Huayang,0
Huayang,1
They,0
Zichu,1
Qin,0
Duke,0
Duke Mu,0
Mu,1
You,0
You Yu,1
Yu,0
Qin,0
Yu,0
Rong,0
Qin,0
Duke,0
Duke Mu,0
Mu,1
Rong,0
Duke,0
Duke Mu,0
Mu,1
Mengming,0
Jin,0
Yellow,0
Yellow River,0
River,0
They,0
Jin,0
Wangguan,0
Jiao,0
Jin,0
Yao,0
The,0
Jin,0
Duke,0
Duke Mu,0
Mu,1
Yellow,0
Yellow River,0
River,0
Reed,0
Reed Ford,0
Ford,0
Yao,0
He,0
You,0
I,0
The,0
I,0
I,0
Jian,0
Jian Shu,1
Shu,0
Baili,0
Baili Xi,0
Xi,0
I,0
Dafu,0
Dafu Zhong,1
Zhong,0
Yue,0
Dafu,0
Dafu Zhong,1
Zhong,0
Lord,0
Lord Anguo,0
Anguo,1
Lady,0
Lady Huayang,0
Huayang,1
Zichu,1
Lord,0
Lord Auguo,0
Auguo,1
Lady,0
Lady Huayang,0
Huayang,1
Zichu,1
Lv,0
Lv Buwei,1
Buwei,0
Zichu,1
Duke,0
Duke Mu,0
Mu,1
Qin,0
Mengming,0
Cai,0
Cai Ze,1
Ze,0
Bi,0
Bi Gan,0
Gan,0
Yin,0
Wu,0
Wu Zixu,1
Zixu,0
Wu,0
Prince,0
Prince Shensheng,0
Shensheng,0
Jin,0
These,0
Therefore,0
Lord,0
Lord Shang,0
Shang,1
Wu,0
Wu Qi,1
Qi,0
Dafu,0
Dafu Zhong,1
Zhong,0
Lv,0
Lv Buwei,1
Buwei,0
Zichu,1
Lv,0
Lv Buwei,1
Buwei,0
Lv,0
Lv,0
Lv Buwei,1
Buwei,0
Zichu,1
She,0
Zichu,1
BC,0
Duke,0
Duke Mu,0
Yong,0
He,0
Three,0
Ziyu,0
Yanxi,1
Zhonghang,1
Zhenhu,1
The,0
Qin,0
Book,0
Odes,0
Yellow,0
Yellow Birds,0
Birds,0
Cai,0
Cai Ze,1
Ze,0
Hong,0
Hong Yao,1
Yao,0
King,0
King Wen,0
Wen,1
Duke,0
Zhou,0
King,0
King Cheng,0
Cheng,0
Wu,0
Wu Qi,1
Qi,0
Dafu,0
Dafu Zhong,1
Zhong,0
Hong,0
Hong Yao,1
Yao,0
Duke,0
Zhou,0
